Workbook

Sheet DAU
A1: month | B1: week | C1: day | D1: dau | E1: wau | F1: mau | G1: SFW | H1: SFM
A2: =MONTH(C2) -> 7 | B2: =_xlfn.ISOWEEKNUM(C2) -> 26 | C2: 44744 | D2: 3 | E2: =VLOOKUP(B2,WAU!$A:$C,3,0) -> 6 | F2: =VLOOKUP(A2,MAU!$A:$C,3,0) -> 193 | G2: =D2/E2 -> 0.5 | H2: =D2/F2 -> 0.015544041
A3: =MONTH(C3) -> 7 | B3: =_xlfn.ISOWEEKNUM(C3) -> 26 | C3: 44745 | D3: 6 | E3: =VLOOKUP(B3,WAU!$A:$C,3,0) -> 6 | F3: =VLOOKUP(A3,MAU!$A:$C,3,0) -> 193 | G3: =D3/E3 -> 1 | H3: =D3/F3 -> 0.031088083
A4: =MONTH(C4) -> 7 | B4: =_xlfn.ISOWEEKNUM(C4) -> 27 | C4: 44746 | D4: 5 | E4: =VLOOKUP(B4,WAU!$A:$C,3,0) -> 59 | F4: =VLOOKUP(A4,MAU!$A:$C,3,0) -> 193 | G4: =D4/E4 -> 0.084745763 | H4: =D4/F4 -> 0.025906736
A5: =MONTH(C5) -> 7 | B5: =_xlfn.ISOWEEKNUM(C5) -> 27 | C5: 44747 | D5: 10 | E5: =VLOOKUP(B5,WAU!$A:$C,3,0) -> 59 | F5: =VLOOKUP(A5,MAU!$A:$C,3,0) -> 193 | G5: =D5/E5 -> 0.16949153 | H5: =D5/F5 -> 0.051813472
A6: =MONTH(C6) -> 7 | B6: =_xlfn.ISOWEEKNUM(C6) -> 27 | C6: 44748 | D6: 5 | E6: =VLOOKUP(B6,WAU!$A:$C,3,0) -> 59 | F6: =VLOOKUP(A6,MAU!$A:$C,3,0) -> 193 | G6: =D6/E6 -> 0.084745763 | H6: =D6/F6 -> 0.025906736
A7: =MONTH(C7) -> 7 | B7: =_xlfn.ISOWEEKNUM(C7) -> 27 | C7: 44749 | D7: 13 | E7: =VLOOKUP(B7,WAU!$A:$C,3,0) -> 59 | F7: =VLOOKUP(A7,MAU!$A:$C,3,0) -> 193 | G7: =D7/E7 -> 0.22033898 | H7: =D7/F7 -> 0.067357513
A8: =MONTH(C8) -> 7 | B8: =_xlfn.ISOWEEKNUM(C8) -> 27 | C8: 44750 | D8: 22 | E8: =VLOOKUP(B8,WAU!$A:$C,3,0) -> 59 | F8: =VLOOKUP(A8,MAU!$A:$C,3,0) -> 193 | G8: =D8/E8 -> 0.37288136 | H8: =D8/F8 -> 0.11398964
A9: =MONTH(C9) -> 7 | B9: =_xlfn.ISOWEEKNUM(C9) -> 27 | C9: 44751 | D9: 22 | E9: =VLOOKUP(B9,WAU!$A:$C,3,0) -> 59 | F9: =VLOOKUP(A9,MAU!$A:$C,3,0) -> 193 | G9: =D9/E9 -> 0.37288136 | H9: =D9/F9 -> 0.11398964
A10: =MONTH(C10) -> 7 | B10: =_xlfn.ISOWEEKNUM(C10) -> 27 | C10: 44752 | D10: 26 | E10: =VLOOKUP(B10,WAU!$A:$C,3,0) -> 59 | F10: =VLOOKUP(A10,MAU!$A:$C,3,0) -> 193 | G10: =D10/E10 -> 0.44067797 | H10: =D10/F10 -> 0.13471503
A11: =MONTH(C11) -> 7 | B11: =_xlfn.ISOWEEKNUM(C11) -> 28 | C11: 44753 | D11: 23 | E11: =VLOOKUP(B11,WAU!$A:$C,3,0) -> 92 | F11: =VLOOKUP(A11,MAU!$A:$C,3,0) -> 193 | G11: =D11/E11 -> 0.25 | H11: =D11/F11 -> 0.11917098
A12: =MONTH(C12) -> 7 | B12: =_xlfn.ISOWEEKNUM(C12) -> 28 | C12: 44754 | D12: 24 | E12: =VLOOKUP(B12,WAU!$A:$C,3,0) -> 92 | F12: =VLOOKUP(A12,MAU!$A:$C,3,0) -> 193 | G12: =D12/E12 -> 0.26086957 | H12: =D12/F12 -> 0.12435233
A13: =MONTH(C13) -> 7 | B13: =_xlfn.ISOWEEKNUM(C13) -> 28 | C13: 44755 | D13: 30 | E13: =VLOOKUP(B13,WAU!$A:$C,3,0) -> 92 | F13: =VLOOKUP(A13,MAU!$A:$C,3,0) -> 193 | G13: =D13/E13 -> 0.32608696 | H13: =D13/F13 -> 0.15544041
... A304: =MONTH(C304) -> 4 | B304: =_xlfn.ISOWEEKNUM(C304) -> 17 | C304: 45046 | D304: 71 | E304: =VLOOKUP(B304,WAU!$A:$C,3,0) -> 422 | F304: =VLOOKUP(A304,MAU!$A:$C,3,0) -> 1027 | G304: =D304/E304 -> 0.16824645 | H304: =D304/F304 -> 0.069133398

Sheet WAU
A1: week_nom | B1: week | C1: wau
A2: =_xlfn.ISOWEEKNUM(B2) -> 26 | B2: 44739 | C2: 6
A3: =_xlfn.ISOWEEKNUM(B3) -> 27 | B3: 44746 | C3: 59
A4: =_xlfn.ISOWEEKNUM(B4) -> 28 | B4: 44753 | C4: 92
A5: =_xlfn.ISOWEEKNUM(B5) -> 29 | B5: 44760 | C5: 133
A6: =_xlfn.ISOWEEKNUM(B6) -> 30 | B6: 44767 | C6: 183
A7: =_xlfn.ISOWEEKNUM(B7) -> 31 | B7: 44774 | C7: 202
A8: =_xlfn.ISOWEEKNUM(B8) -> 32 | B8: 44781 | C8: 193
A9: =_xlfn.ISOWEEKNUM(B9) -> 33 | B9: 44788 | C9: 201
A10: =_xlfn.ISOWEEKNUM(B10) -> 34 | B10: 44795 | C10: 206
A11: =_xlfn.ISOWEEKNUM(B11) -> 35 | B11: 44802 | C11: 192
A12: =_xlfn.ISOWEEKNUM(B12) -> 36 | B12: 44809 | C12: 196
A13: =_xlfn.ISOWEEKNUM(B13) -> 37 | B13: 44816 | C13: 205
... A45: =_xlfn.ISOWEEKNUM(B45) -> 17 | B45: 45040 | C45: 422

Sheet MAU
A1: month_nom | B1: month | C1: mau
A2: =MONTH(B2) -> 7 | B2: 44743 | C2: 193
A3: =MONTH(B3) -> 8 | B3: 44774 | C3: 366
A4: =MONTH(B4) -> 9 | B4: 44805 | C4: 378
A5: =MONTH(B5) -> 10 | B5: 44835 | C5: 393
A6: =MONTH(B6) -> 11 | B6: 44866 | C6: 426
A7: =MONTH(B7) -> 12 | B7: 44896 | C7: 390
A8: =MONTH(B8) -> 1 | B8: 44927 | C8: 536
A9: =MONTH(B9) -> 2 | B9: 44958 | C9: 696
A10: =MONTH(B10) -> 3 | B10: 44986 | C10: 1544
A11: =MONTH(B11) -> 4 | B11: 45017 | C11: 1027
