Workbook

Sheet Лист1
A1: номер месяца | B1: номер недели | C1: день | D1: LDAU | E1: LWAU | F1: LMAU
A2: =MONTH(C2) -> 7 | B2: =_xlfn.ISOWEEKNUM(C2) -> 26 | C2: 44745 | D2: 1 | E2: =VLOOKUP(B2,Лист2!$A:$C,3,0) -> 1 | F2: =VLOOKUP(A2,Лист3!$A:$C,3,0) -> 77
A3: =MONTH(C3) -> 7 | B3: =_xlfn.ISOWEEKNUM(C3) -> 27 | C3: 44746 | D3: 2 | E3: =VLOOKUP(B3,Лист2!$A:$C,3,0) -> 21 | F3: =VLOOKUP(A3,Лист3!$A:$C,3,0) -> 77
A4: =MONTH(C4) -> 7 | B4: =_xlfn.ISOWEEKNUM(C4) -> 27 | C4: 44747 | D4: 5 | E4: =VLOOKUP(B4,Лист2!$A:$C,3,0) -> 21 | F4: =VLOOKUP(A4,Лист3!$A:$C,3,0) -> 77
A5: =MONTH(C5) -> 7 | B5: =_xlfn.ISOWEEKNUM(C5) -> 27 | C5: 44748 | D5: 1 | E5: =VLOOKUP(B5,Лист2!$A:$C,3,0) -> 21 | F5: =VLOOKUP(A5,Лист3!$A:$C,3,0) -> 77
A6: =MONTH(C6) -> 7 | B6: =_xlfn.ISOWEEKNUM(C6) -> 27 | C6: 44749 | D6: 5 | E6: =VLOOKUP(B6,Лист2!$A:$C,3,0) -> 21 | F6: =VLOOKUP(A6,Лист3!$A:$C,3,0) -> 77
A7: =MONTH(C7) -> 7 | B7: =_xlfn.ISOWEEKNUM(C7) -> 27 | C7: 44750 | D7: 6 | E7: =VLOOKUP(B7,Лист2!$A:$C,3,0) -> 21 | F7: =VLOOKUP(A7,Лист3!$A:$C,3,0) -> 77
A8: =MONTH(C8) -> 7 | B8: =_xlfn.ISOWEEKNUM(C8) -> 27 | C8: 44751 | D8: 10 | E8: =VLOOKUP(B8,Лист2!$A:$C,3,0) -> 21 | F8: =VLOOKUP(A8,Лист3!$A:$C,3,0) -> 77
A9: =MONTH(C9) -> 7 | B9: =_xlfn.ISOWEEKNUM(C9) -> 27 | C9: 44752 | D9: 9 | E9: =VLOOKUP(B9,Лист2!$A:$C,3,0) -> 21 | F9: =VLOOKUP(A9,Лист3!$A:$C,3,0) -> 77
A10: =MONTH(C10) -> 7 | B10: =_xlfn.ISOWEEKNUM(C10) -> 28 | C10: 44753 | D10: 5 | E10: =VLOOKUP(B10,Лист2!$A:$C,3,0) -> 31 | F10: =VLOOKUP(A10,Лист3!$A:$C,3,0) -> 77
A11: =MONTH(C11) -> 7 | B11: =_xlfn.ISOWEEKNUM(C11) -> 28 | C11: 44754 | D11: 7 | E11: =VLOOKUP(B11,Лист2!$A:$C,3,0) -> 31 | F11: =VLOOKUP(A11,Лист3!$A:$C,3,0) -> 77
A12: =MONTH(C12) -> 7 | B12: =_xlfn.ISOWEEKNUM(C12) -> 28 | C12: 44755 | D12: 11 | E12: =VLOOKUP(B12,Лист2!$A:$C,3,0) -> 31 | F12: =VLOOKUP(A12,Лист3!$A:$C,3,0) -> 77
A13: =MONTH(C13) -> 7 | B13: =_xlfn.ISOWEEKNUM(C13) -> 28 | C13: 44756 | D13: 9 | E13: =VLOOKUP(B13,Лист2!$A:$C,3,0) -> 31 | F13: =VLOOKUP(A13,Лист3!$A:$C,3,0) -> 77
... A303: =MONTH(C303) -> 4 | B303: =_xlfn.ISOWEEKNUM(C303) -> 17 | C303: 45046 | D303: 23 | E303: =VLOOKUP(B303,Лист2!$A:$C,3,0) -> 139 | F303: =VLOOKUP(A303,Лист3!$A:$C,3,0) -> 341

Sheet Лист2
A1: номер недели | B1: bin_week | C1: cnt_user
A2: =_xlfn.ISOWEEKNUM(B2) -> 26 | B2: 44739 | C2: 1
A3: =_xlfn.ISOWEEKNUM(B3) -> 27 | B3: 44746 | C3: 21
A4: =_xlfn.ISOWEEKNUM(B4) -> 28 | B4: 44753 | C4: 31
A5: =_xlfn.ISOWEEKNUM(B5) -> 29 | B5: 44760 | C5: 49
A6: =_xlfn.ISOWEEKNUM(B6) -> 30 | B6: 44767 | C6: 73
A7: =_xlfn.ISOWEEKNUM(B7) -> 31 | B7: 44774 | C7: 85
A8: =_xlfn.ISOWEEKNUM(B8) -> 32 | B8: 44781 | C8: 79
A9: =_xlfn.ISOWEEKNUM(B9) -> 33 | B9: 44788 | C9: 88
A10: =_xlfn.ISOWEEKNUM(B10) -> 34 | B10: 44795 | C10: 88
A11: =_xlfn.ISOWEEKNUM(B11) -> 35 | B11: 44802 | C11: 74
A12: =_xlfn.ISOWEEKNUM(B12) -> 36 | B12: 44809 | C12: 76
A13: =_xlfn.ISOWEEKNUM(B13) -> 37 | B13: 44816 | C13: 77
... A45: =_xlfn.ISOWEEKNUM(B45) -> 17 | B45: 45040 | C45: 139

Sheet Лист3
A1: bin_month | B1: Месяц | C1: Количество игроков
A2: =MONTH(B2) -> 7 | B2: 44743 | C2: 77
A3: =MONTH(B3) -> 8 | B3: 44774 | C3: 148
A4: =MONTH(B4) -> 9 | B4: 44805 | C4: 142
A5: =MONTH(B5) -> 10 | B5: 44835 | C5: 133
A6: =MONTH(B6) -> 11 | B6: 44866 | C6: 158
A7: =MONTH(B7) -> 12 | B7: 44896 | C7: 154
A8: =MONTH(B8) -> 1 | B8: 44927 | C8: 213
A9: =MONTH(B9) -> 2 | B9: 44958 | C9: 250
A10: =MONTH(B10) -> 3 | B10: 44986 | C10: 532
A11: =MONTH(B11) -> 4 | B11: 45017 | C11: 341
